{
  "id ": 0,
  "year": " 3-2005",
  "value": 25.8279
}{
  "id ": 1,
  "year": " 3-2006",
  "value": 28.469
}{
  "id ": 2,
  "year": " 3-2007",
  "value": 32.948899999999995
}{
  "id ": 3,
  "year": " 3-2008",
  "value": 36.1042
}{
  "id ": 4,
  "year": " 3-2009",
  "value": 31.9106
}{
  "id ": 5,
  "year": " 3-2010",
  "value": 35.252176999999996
}{
  "id ": 6,
  "year": " 3-2011",
  "value": 43.009412
}{
  "id ": 7,
  "year": " 3-2012",
  "value": 45.93564000000001
}{
  "id ": 8,
  "year": " 3-2013",
  "value": 44.56
}{
  "id ": 9,
  "year": " 3-2014\r",
  "value": 47.321
}{
  "id ": 10,
  "year": " 3-2005",
  "value": 26.7009
}{
  "id ": 11,
  "year": " 3-2006",
  "value": 29.339100000000002
}{
  "id ": 12,
  "year": " 3-2007",
  "value": 33.904799999999994
}{
  "id ": 13,
  "year": " 3-2008",
  "value": 37.0946
}{
  "id ": 14,
  "year": " 3-2009",
  "value": 32.6415
}{
  "id ": 15,
  "year": " 3-2010",
  "value": 35.83920499999999
}{
  "id ": 16,
  "year": " 3-2011",
  "value": 43.620163999999995
}{
  "id ": 17,
  "year": " 3-2012",
  "value": 46.598620000000004
}{
  "id ": 18,
  "year": " 3-2013",
  "value": 45.150000000000006
}{
  "id ": 19,
  "year": " 3-2014\r",
  "value": 47.9005
}{
  "id ": 20,
  "year": " 3-2005",
  "value": 36.9732
}{
  "id ": 21,
  "year": " 3-2006",
  "value": 40.1787
}{
  "id ": 22,
  "year": " 3-2007",
  "value": 45.17779999999999
}{
  "id ": 23,
  "year": " 3-2008",
  "value": 48.3051
}{
  "id ": 24,
  "year": " 3-2009",
  "value": 43.0068
}{
  "id ": 25,
  "year": " 3-2010",
  "value": 47.656606999999994
}{
  "id ": 26,
  "year": " 3-2011",
  "value": 54.240328
}{
  "id ": 27,
  "year": " 3-2012",
  "value": 57.99724
}{
  "id ": 28,
  "year": " 3-2013",
  "value": 56.08
}{
  "id ": 29,
  "year": " 3-2014\r",
  "value": 59.301
}{
  "id ": 30,
  "year": " 3-2005",
  "value": 274.06159999999994
}{
  "id ": 31,
  "year": " 3-2006",
  "value": 321.35050000000007
}{
  "id ": 32,
  "year": " 3-2007",
  "value": 400.6975
}{
  "id ": 33,
  "year": " 3-2008",
  "value": 396.49300000000005
}{
  "id ": 34,
  "year": " 3-2009",
  "value": 328.03610000000003
}{
  "id ": 35,
  "year": " 3-2010",
  "value": 339.958224
}{
  "id ": 36,
  "year": " 3-2011",
  "value": 396.62188319999996
}{
  "id ": 37,
  "year": " 3-2012",
  "value": 419.033816
}{
  "id ": 38,
  "year": " 3-2013",
  "value": 397.2799999999999
}{
  "id ": 39,
  "year": " 3-2014\r",
  "value": 407.68500000000006
}